vehicle_id,delivery_date,route_id,stop_sequence,store_id,store_name,store_w1_load,cumulative_route_load_w1,route_load_w1
京FAM639,2026-03-28,116,1,393380,光明大厦店,0.09562,0.09562,2.035136
京FAM639,2026-03-28,116,1,393380,光明大厦店,0.09562,0.19124,2.035136
京FAM639,2026-03-28,116,2,393651,北京平安国际金融中心店,0.182462,0.373702,2.035136
京FAM639,2026-03-28,116,2,393651,北京平安国际金融中心店,0.182462,0.556164,2.035136
京FAM639,2026-03-28,116,3,394075,超市发羊坊店,0.330708,0.886872,2.035136
京FAM639,2026-03-28,116,3,394075,超市发羊坊店,0.330708,1.21758,2.035136
京FAM639,2026-03-28,116,4,394085,超市发甘家口,0.264041,1.481621,2.035136
京FAM639,2026-03-28,116,4,394085,超市发甘家口,0.264041,1.745662,2.035136
京FAM639,2026-03-28,116,5,398718,北京北站店,0.144737,1.890399,2.035136
京FAM639,2026-03-28,116,5,398718,北京北站店,0.144737,2.035136,2.035136
京FAM639,2026-04-07,116,1,391012,金融街,0.147375,0.147375,2.194862
京FAM639,2026-04-07,116,1,391012,金融街,0.147375,0.29475,2.194862
京FAM639,2026-04-07,116,2,391028,金融街中心,0.117995,0.412745,2.194862
京FAM639,2026-04-07,116,2,391028,金融街中心,0.117995,0.53074,2.194862
京FAM639,2026-04-07,116,3,394075,超市发羊坊店,0.164041,0.694781,2.194862
京FAM639,2026-04-07,116,3,394075,超市发羊坊店,0.164041,0.858822,2.194862
京FAM639,2026-04-07,116,4,394105,超市发西长安街,0.117995,0.976817,2.194862
京FAM639,2026-04-07,116,4,394105,超市发西长安街,0.117995,1.094812,2.194862
京FAM639,2026-04-07,116,5,391074,德胜国际中心,0.12589,1.220702,2.194862
京FAM639,2026-04-07,116,5,391074,德胜国际中心,0.12589,1.346592,2.194862
京FAM639,2026-04-07,116,6,392029,富华大厦,0.086416,1.433008,2.194862
京FAM639,2026-04-07,116,6,392029,富华大厦,0.086416,1.519424,2.194862
京FAM639,2026-04-07,116,7,398718,北京北站店,0.337719,1.857143,2.194862
京FAM639,2026-04-07,116,7,398718,北京北站店,0.337719,2.194862,2.194862
京FAQ401,2026-03-30,103,1,394070,木荷路华为园区,0.260984,0.260984,2.122274
京FAQ401,2026-03-30,103,1,394070,木荷路华为园区,0.260984,0.521968,2.122274
京FAQ401,2026-03-30,103,2,394150,网易研发中心,0.136435,0.658403,2.122274
京FAQ401,2026-03-30,103,2,394150,网易研发中心,0.136435,0.794838,2.122274
京FAQ401,2026-03-30,103,3,394069,互联网创新中心,0.089925,0.884763,2.122274
京FAQ401,2026-03-30,103,3,394069,互联网创新中心,0.089925,0.974688,2.122274
京FAQ401,2026-03-30,103,4,394110,新浪总部大厦,0.180308,1.154996,2.122274
京FAQ401,2026-03-30,103,4,394110,新浪总部大厦,0.180308,1.335304,2.122274
京FAQ401,2026-03-30,103,5,392718,腾讯北京总部店,0.275922,1.611226,2.122274
京FAQ401,2026-03-30,103,5,392718,腾讯北京总部店,0.275922,1.887148,2.122274
京FAQ401,2026-03-30,103,6,394096,超市发农大,0.117563,2.004711,2.122274
京FAQ401,2026-03-30,103,6,394096,超市发农大,0.117563,2.122274,2.122274
京FLV125,2026-03-30,114,1,393082,兆泰国际中心,0.29215,0.29215,2.317048
京FLV125,2026-03-30,114,1,393082,兆泰国际中心,0.29215,0.5843,2.317048
京FLV125,2026-03-30,114,2,392084,南锣鼓巷地铁站,0.196955,0.781255,2.317048
京FLV125,2026-03-30,114,2,392084,南锣鼓巷地铁站,0.196955,0.97821,2.317048
京FLV125,2026-03-30,114,3,392179,东四北大街店,0.15881,1.13702,2.317048
京FLV125,2026-03-30,114,3,392179,东四北大街店,0.15881,1.29583,2.317048
京FLV125,2026-03-30,114,4,393032,长富宫,0.164073,1.459903,2.317048
京FLV125,2026-03-30,114,4,393032,长富宫,0.164073,1.623976,2.317048
京FLV125,2026-03-30,114,5,393688,北京广播大厦酒店店,0.346536,1.970512,2.317048
京FLV125,2026-03-30,114,5,393688,北京广播大厦酒店店,0.346536,2.317048,2.317048
京FLV125,2026-04-06,113,1,393082,兆泰国际中心,0.108352,0.108352,2.095106
京FLV125,2026-04-06,113,1,393082,兆泰国际中心,0.108352,0.216704,2.095106
京FLV125,2026-04-06,113,2,392179,东四北大街店,0.139957,0.356661,2.095106
京FLV125,2026-04-06,113,2,392179,东四北大街店,0.139957,0.496618,2.095106
京FLV125,2026-04-06,113,3,393032,长富宫,0.208384,0.705002,2.095106
京FLV125,2026-04-06,113,3,393032,长富宫,0.208384,0.913386,2.095106
京FLV125,2026-04-06,113,4,393688,北京广播大厦酒店店,0.378115,1.291501,2.095106
京FLV125,2026-04-06,113,4,393688,北京广播大厦酒店店,0.378115,1.669616,2.095106
京FLV125,2026-04-06,113,5,392084,南锣鼓巷地铁站,0.212745,1.882361,2.095106
京FLV125,2026-04-06,113,5,392084,南锣鼓巷地铁站,0.212745,2.095106,2.095106
京FLV125,2026-04-07,114,1,392647,北京泓晟国际中心店,0.139925,0.139925,2.027306
京FLV125,2026-04-07,114,1,392647,北京泓晟国际中心店,0.139925,0.27985,2.027306
京FLV125,2026-04-07,114,2,393082,兆泰国际中心,0.110094,0.389944,2.027306
京FLV125,2026-04-07,114,2,393082,兆泰国际中心,0.110094,0.500038,2.027306
京FLV125,2026-04-07,114,3,392084,南锣鼓巷地铁站,0.142112,0.64215,2.027306
京FLV125,2026-04-07,114,3,392084,南锣鼓巷地铁站,0.142112,0.784262,2.027306
京FLV125,2026-04-07,114,4,392179,东四北大街店,0.269743,1.054005,2.027306
京FLV125,2026-04-07,114,4,392179,东四北大街店,0.269743,1.323748,2.027306
京FLV125,2026-04-07,114,5,393032,长富宫,0.123258,1.447006,2.027306
京FLV125,2026-04-07,114,5,393032,长富宫,0.123258,1.570264,2.027306
京FLV125,2026-04-07,114,6,393688,北京广播大厦酒店店,0.228521,1.798785,2.027306
京FLV125,2026-04-07,114,6,393688,北京广播大厦酒店店,0.228521,2.027306,2.027306
京KEP596,2025-11-13,112,1,391012,金融街,0.060533,0.060533,8.572413
京KEP596,2025-11-13,112,2,394073,超市发花园路,0.229399,0.289932,8.572413
京KEP596,2025-11-13,112,3,394118,超市发学院路超罗,0.087293,0.377225,8.572413
京KEP596,2025-11-13,112,4,392678,北京地铁雍和宫站店,0.128947,0.506172,8.572413
京KEP596,2025-11-13,112,5,391001,月坛北街,0.124129,0.630301,8.572413
京KEP596,2025-11-13,112,6,394148,科技财富中心,7.942112,8.572413,8.572413
京KEP596,2026-03-28,110,1,391012,金融街,0.07896,0.07896,2.142182
京KEP596,2026-03-28,110,1,391012,金融街,0.07896,0.15792,2.142182
京KEP596,2026-03-28,110,2,394105,超市发西长安街,0.206153,0.364073,2.142182
京KEP596,2026-03-28,110,2,394105,超市发西长安街,0.206153,0.570226,2.142182
京KEP596,2026-03-28,110,3,394073,超市发花园路,0.21141,0.781636,2.142182
京KEP596,2026-03-28,110,3,394073,超市发花园路,0.21141,0.993046,2.142182
京KEP596,2026-03-28,110,4,391001,月坛北街,0.221936,1.214982,2.142182
京KEP596,2026-03-28,110,4,391001,月坛北街,0.221936,1.436918,2.142182
京KEP596,2026-03-28,110,5,392678,北京地铁雍和宫站店,0.352632,1.78955,2.142182
京KEP596,2026-03-28,110,5,392678,北京地铁雍和宫站店,0.352632,2.142182,2.142182
京KEP596,2026-03-30,110,1,393707,北京科技财富中心店,0.200877,0.200877,2.603126
京KEP596,2026-03-30,110,1,393707,北京科技财富中心店,0.200877,0.401754,2.603126
京KEP596,2026-03-30,110,2,391012,金融街,0.243898,0.645652,2.603126
京KEP596,2026-03-30,110,2,391012,金融街,0.243898,0.88955,2.603126
京KEP596,2026-03-30,110,3,391001,月坛北街,0.248296,1.137846,2.603126
京KEP596,2026-03-30,110,3,391001,月坛北街,0.248296,1.386142,2.603126
京KEP596,2026-03-30,110,4,392678,北京地铁雍和宫站店,0.023258,1.4094,2.603126
京KEP596,2026-03-30,110,4,392678,北京地铁雍和宫站店,0.023258,1.432658,2.603126
京KEP596,2026-03-30,110,5,394073,超市发花园路,0.300966,1.733624,2.603126
京KEP596,2026-03-30,110,5,394073,超市发花园路,0.300966,2.03459,2.603126
京KEP596,2026-03-30,110,6,394118,超市发学院路超罗,0.284268,2.318858,2.603126
京KEP596,2026-03-30,110,6,394118,超市发学院路超罗,0.284268,2.603126,2.603126
京KEP596,2026-03-31,110,1,393707,北京科技财富中心店,0.194743,0.194743,2.121142
京KEP596,2026-03-31,110,1,393707,北京科技财富中心店,0.194743,0.389486,2.121142
京KEP596,2026-03-31,110,2,391012,金融街,0.071059,0.460545,2.121142
京KEP596,2026-03-31,110,2,391012,金融街,0.071059,0.531604,2.121142
京KEP596,2026-03-31,110,3,391001,月坛北街,0.154386,0.68599,2.121142
京KEP596,2026-03-31,110,3,391001,月坛北街,0.154386,0.840376,2.121142
京KEP596,2026-03-31,110,4,392678,北京地铁雍和宫站店,0.202638,1.043014,2.121142
京KEP596,2026-03-31,110,4,392678,北京地铁雍和宫站店,0.202638,1.245652,2.121142
京KEP596,2026-03-31,110,5,394073,超市发花园路,0.316247,1.561899,2.121142
京KEP596,2026-03-31,110,5,394073,超市发花园路,0.316247,1.878146,2.121142
京KEP596,2026-03-31,110,6,394118,超市发学院路超罗,0.121498,1.999644,2.121142
京KEP596,2026-03-31,110,6,394118,超市发学院路超罗,0.121498,2.121142,2.121142
京KEP596,2026-04-04,110,1,394196,超市发岭南路店,0.05527,0.05527,2.175566
京KEP596,2026-04-04,110,1,394196,超市发岭南路店,0.05527,0.11054,2.175566
京KEP596,2026-04-04,110,2,391012,金融街,0.102644,0.213184,2.175566
京KEP596,2026-04-04,110,2,391012,金融街,0.102644,0.315828,2.175566
京KEP596,2026-04-04,110,3,394105,超市发西长安街,0.313609,0.629437,2.175566
京KEP596,2026-04-04,110,3,394105,超市发西长安街,0.313609,0.943046,2.175566
京KEP596,2026-04-04,110,4,394073,超市发花园路,0.155282,1.098328,2.175566
京KEP596,2026-04-04,110,4,394073,超市发花园路,0.155282,1.25361,2.175566
京KEP596,2026-04-04,110,5,391001,月坛北街,0.192118,1.445728,2.175566
京KEP596,2026-04-04,110,5,391001,月坛北街,0.192118,1.637846,2.175566
京KEP596,2026-04-04,110,6,392678,北京地铁雍和宫站店,0.26886,1.906706,2.175566
京KEP596,2026-04-04,110,6,392678,北京地铁雍和宫站店,0.26886,2.175566,2.175566
京KEP596,2026-04-06,110,1,394196,超市发岭南路店,0.103515,0.103515,2.333588
京KEP596,2026-04-06,110,1,394196,超市发岭南路店,0.103515,0.20703,2.333588
京KEP596,2026-04-06,110,2,391012,金融街,0.151348,0.358378,2.333588
京KEP596,2026-04-06,110,2,391012,金融街,0.151348,0.509726,2.333588
京KEP596,2026-04-06,110,3,394105,超市发西长安街,0.385571,0.895297,2.333588
京KEP596,2026-04-06,110,3,394105,超市发西长安街,0.385571,1.280868,2.333588
京KEP596,2026-04-06,110,4,394073,超市发花园路,0.280301,1.561169,2.333588
京KEP596,2026-04-06,110,4,394073,超市发花园路,0.280301,1.84147,2.333588
京KEP596,2026-04-06,110,5,391001,月坛北街,0.203515,2.044985,2.333588
京KEP596,2026-04-06,110,5,391001,月坛北街,0.203515,2.2485,2.333588
京KEP596,2026-04-06,110,6,392678,北京地铁雍和宫站店,0.042544,2.291044,2.333588
京KEP596,2026-04-06,110,6,392678,北京地铁雍和宫站店,0.042544,2.333588,2.333588
京KEP596,2026-04-07,110,1,391709,北京大钟寺广场店,0.073691,0.073691,2.089638
京KEP596,2026-04-07,110,1,391709,北京大钟寺广场店,0.073691,0.147382,2.089638
京KEP596,2026-04-07,110,2,392525,北京环球贸易中心店,0.039912,0.187294,2.089638
京KEP596,2026-04-07,110,2,392525,北京环球贸易中心店,0.039912,0.227206,2.089638
京KEP596,2026-04-07,110,3,392712,北京恒毅大厦店,0.060539,0.287745,2.089638
京KEP596,2026-04-07,110,3,392712,北京恒毅大厦店,0.060539,0.348284,2.089638
京KEP596,2026-04-07,110,4,394085,超市发甘家口,0.181159,0.529443,2.089638
京KEP596,2026-04-07,110,4,394085,超市发甘家口,0.181159,0.710602,2.089638
京KEP596,2026-04-07,110,5,391001,月坛北街,0.219305,0.929907,2.089638
京KEP596,2026-04-07,110,5,391001,月坛北街,0.219305,1.149212,2.089638
京KEP596,2026-04-07,110,6,392678,北京地铁雍和宫站店,0.076754,1.225966,2.089638
京KEP596,2026-04-07,110,6,392678,北京地铁雍和宫站店,0.076754,1.30272,2.089638
京KEP596,2026-04-07,110,7,394073,超市发花园路,0.283359,1.586079,2.089638
京KEP596,2026-04-07,110,7,394073,超市发花园路,0.283359,1.869438,2.089638
京KEP596,2026-04-07,110,8,394118,超市发学院路超罗,0.1101,1.979538,2.089638
京KEP596,2026-04-07,110,8,394118,超市发学院路超罗,0.1101,2.089638,2.089638
京LHR562,2026-03-30,112,1,393711,微软中国研发集团总部店,0.062738,0.062738,2.017086
京LHR562,2026-03-30,112,1,393711,微软中国研发集团总部店,0.062738,0.125476,2.017086
京LHR562,2026-03-30,112,2,391722,鼎好电子大厦店,0.129405,0.254881,2.017086
京LHR562,2026-03-30,112,2,391722,鼎好电子大厦店,0.129405,0.384286,2.017086
京LHR562,2026-03-30,112,3,394024,融科资讯中心,0.270252,0.654538,2.017086
京LHR562,2026-03-30,112,3,394024,融科资讯中心,0.270252,0.92479,2.017086
京LHR562,2026-03-30,112,4,394072,超市发万柳,0.043879,0.968669,2.017086
京LHR562,2026-03-30,112,4,394072,超市发万柳,0.043879,1.012548,2.017086
京LHR562,2026-03-30,112,5,394103,超市发科南路,0.169336,1.181884,2.017086
京LHR562,2026-03-30,112,5,394103,超市发科南路,0.169336,1.35122,2.017086
京LHR562,2026-03-30,112,6,394142,超市发双榆树超罗,0.332933,1.684153,2.017086
京LHR562,2026-03-30,112,6,394142,超市发双榆树超罗,0.332933,2.017086,2.017086
京LHR562,2026-04-06,111,1,391709,北京大钟寺广场店,0.160552,0.160552,2.039054
京LHR562,2026-04-06,111,1,391709,北京大钟寺广场店,0.160552,0.321104,2.039054
京LHR562,2026-04-06,111,2,394062,火器营地铁站,0.203992,0.525096,2.039054
京LHR562,2026-04-06,111,2,394062,火器营地铁站,0.203992,0.729088,2.039054
京LHR562,2026-04-06,111,3,394112,超市发海淀大街,0.085558,0.814646,2.039054
京LHR562,2026-04-06,111,3,394112,超市发海淀大街,0.085558,0.900204,2.039054
京LHR562,2026-04-06,111,4,394072,超市发万柳,0.062293,0.962497,2.039054
京LHR562,2026-04-06,111,4,394072,超市发万柳,0.062293,1.02479,2.039054
京LHR562,2026-04-06,111,5,394118,超市发学院路超罗,0.060533,1.085323,2.039054
京LHR562,2026-04-06,111,5,394118,超市发学院路超罗,0.060533,1.145856,2.039054
京LHR562,2026-04-06,111,6,394024,融科资讯中心,0.121523,1.267379,2.039054
京LHR562,2026-04-06,111,6,394024,融科资讯中心,0.121523,1.388902,2.039054
京LHR562,2026-04-06,111,7,394103,超市发科南路,0.090815,1.479717,2.039054
京LHR562,2026-04-06,111,7,394103,超市发科南路,0.090815,1.570532,2.039054
京LHR562,2026-04-06,111,8,394142,超市发双榆树超罗,0.234261,1.804793,2.039054
京LHR562,2026-04-06,111,8,394142,超市发双榆树超罗,0.234261,2.039054,2.039054
京LJD975,2026-02-02,140,1,393715,首都国际机场T3四层出发层外西,0.322413,0.322413,2.051614
京LJD975,2026-02-02,140,2,395710,北京首都机场T3三层出发区北指廊店,0.38381,0.706223,2.051614
京LJD975,2026-02-02,140,3,393151,首都机场T3二层到达区外,0.284261,0.990484,2.051614
京LJD975,2026-02-02,140,4,393152,首都机场T3三层出发区东指廊,0.18292,1.173404,2.051614
京LJD975,2026-02-02,140,5,393153,首都机场T3三层出发区西指廊,0.477689,1.651093,2.051614
京LJD975,2026-02-02,140,6,393155,首都机场T3四层出发区外东,0.265834,1.916927,2.051614
京LJD975,2026-02-02,140,7,393156,首都机场T3D出发区,0.134687,2.051614,2.051614
京LJD975,2026-02-09,140,1,393715,首都国际机场T3四层出发层外西,0.329443,0.329443,2.101245
京LJD975,2026-02-09,140,2,395710,北京首都机场T3三层出发区北指廊店,0.444349,0.773792,2.101245
京LJD975,2026-02-09,140,3,393151,首都机场T3二层到达区外,0.320671,1.094463,2.101245
京LJD975,2026-02-09,140,4,393152,首都机场T3三层出发区东指廊,0.314537,1.409,2.101245
京LJD975,2026-02-09,140,5,393153,首都机场T3三层出发区西指廊,0.298716,1.707716,2.101245
京LJD975,2026-02-09,140,6,393155,首都机场T3四层出发区外东,0.216266,1.923982,2.101245
京LJD975,2026-02-09,140,7,393156,首都机场T3D出发区,0.177263,2.101245,2.101245
京LJD975,2026-02-23,140,1,393151,首都机场T3二层到达区外,0.346981,0.346981,2.26792
京LJD975,2026-02-23,140,2,393152,首都机场T3三层出发区东指廊,0.297852,0.644833,2.26792
京LJD975,2026-02-23,140,3,393153,首都机场T3三层出发区西指廊,0.287332,0.932165,2.26792
京LJD975,2026-02-23,140,4,393155,首都机场T3四层出发区外东,0.257507,1.189672,2.26792
京LJD975,2026-02-23,140,5,393156,首都机场T3D出发区,0.171968,1.36164,2.26792
京LJD975,2026-02-23,140,6,393715,首都国际机场T3四层出发层外西,0.459725,1.821365,2.26792
京LJD975,2026-02-23,140,7,395710,北京首都机场T3三层出发区北指廊店,0.446555,2.26792,2.26792
京LJD975,2026-02-24,140,1,393715,首都国际机场T3四层出发层外西,0.61755,0.61755,2.328101
京LJD975,2026-02-24,140,2,395710,北京首都机场T3三层出发区北指廊店,0.422375,1.039925,2.328101
京LJD975,2026-02-24,140,3,393151,首都机场T3二层到达区外,0.286848,1.326773,2.328101
京LJD975,2026-02-24,140,4,393152,首都机场T3三层出发区东指廊,0.289912,1.616685,2.328101
京LJD975,2026-02-24,140,5,393153,首都机场T3三层出发区西指廊,0.260094,1.876779,2.328101
京LJD975,2026-02-24,140,6,393155,首都机场T3四层出发区外东,0.285088,2.161867,2.328101
京LJD975,2026-02-24,140,7,393156,首都机场T3D出发区,0.166234,2.328101,2.328101
京LJD975,2026-03-07,140,1,393715,首都国际机场T3四层出发层外西,0.516667,0.516667,2.051324
京LJD975,2026-03-07,140,2,395710,北京首都机场T3三层出发区北指廊店,0.391667,0.908334,2.051324
京LJD975,2026-03-07,140,3,393151,首都机场T3二层到达区外,0.36886,1.277194,2.051324
京LJD975,2026-03-07,140,4,393152,首都机场T3三层出发区东指廊,0.247368,1.524562,2.051324
京LJD975,2026-03-07,140,5,393153,首都机场T3三层出发区西指廊,0.36886,1.893422,2.051324
京LJD975,2026-03-07,140,6,393154,首都机场T3三层出发区北指廊,0.0,1.893422,2.051324
京LJD975,2026-03-07,140,7,393155,首都机场T3四层出发区外东,0.023691,1.917113,2.051324
京LJD975,2026-03-07,140,8,393156,首都机场T3D出发区,0.134211,2.051324,2.051324
京LJD975,2026-03-09,140,1,393715,首都国际机场T3四层出发层外西,0.35443,0.35443,3.734682
京LJD975,2026-03-09,140,1,393715,首都国际机场T3四层出发层外西,0.35443,0.70886,3.734682
京LJD975,2026-03-09,140,2,395710,北京首都机场T3三层出发区北指廊店,0.395646,1.104506,3.734682
京LJD975,2026-03-09,140,2,395710,北京首都机场T3三层出发区北指廊店,0.395646,1.500152,3.734682
京LJD975,2026-03-09,140,3,393151,首都机场T3二层到达区外,0.3246,1.824752,3.734682
京LJD975,2026-03-09,140,3,393151,首都机场T3二层到达区外,0.3246,2.149352,3.734682
京LJD975,2026-03-09,140,4,393152,首都机场T3三层出发区东指廊,0.297413,2.446765,3.734682
京LJD975,2026-03-09,140,4,393152,首都机场T3三层出发区东指廊,0.297413,2.744178,3.734682
京LJD975,2026-03-09,140,5,393153,首都机场T3三层出发区西指廊,0.198271,2.942449,3.734682
京LJD975,2026-03-09,140,5,393153,首都机场T3三层出发区西指廊,0.198271,3.14072,3.734682
京LJD975,2026-03-09,140,6,393155,首都机场T3四层出发区外东,0.20574,3.34646,3.734682
京LJD975,2026-03-09,140,6,393155,首都机场T3四层出发区外东,0.20574,3.5522,3.734682
京LJD975,2026-03-09,140,7,393156,首都机场T3D出发区,0.091241,3.643441,3.734682
京LJD975,2026-03-09,140,7,393156,首都机场T3D出发区,0.091241,3.734682,3.734682
京LJD975,2026-03-10,140,1,393715,首都国际机场T3四层出发层外西,0.52062,0.52062,3.719386
京LJD975,2026-03-10,140,1,393715,首都国际机场T3四层出发层外西,0.52062,1.04124,3.719386
京LJD975,2026-03-10,140,2,395710,北京首都机场T3三层出发区北指廊店,0.398252,1.439492,3.719386
京LJD975,2026-03-10,140,2,395710,北京首都机场T3三层出发区北指廊店,0.398252,1.837744,3.719386
京LJD975,2026-03-10,140,3,393151,首都机场T3二层到达区外,0.22062,2.058364,3.719386
京LJD975,2026-03-10,140,3,393151,首都机场T3二层到达区外,0.22062,2.278984,3.719386
京LJD975,2026-03-10,140,4,393152,首都机场T3三层出发区东指廊,0.146943,2.425927,3.719386
京LJD975,2026-03-10,140,4,393152,首都机场T3三层出发区东指廊,0.146943,2.57287,3.719386
京LJD975,2026-03-10,140,5,393153,首都机场T3三层出发区西指廊,0.012726,2.585596,3.719386
京LJD975,2026-03-10,140,5,393153,首都机场T3三层出发区西指廊,0.012726,2.598322,3.719386
京LJD975,2026-03-10,140,6,393155,首都机场T3四层出发区外东,0.494743,3.093065,3.719386
京LJD975,2026-03-10,140,6,393155,首都机场T3四层出发区外东,0.494743,3.587808,3.719386
京LJD975,2026-03-10,140,7,393156,首都机场T3D出发区,0.065789,3.653597,3.719386
京LJD975,2026-03-10,140,7,393156,首都机场T3D出发区,0.065789,3.719386,3.719386
京LJD975,2026-03-11,140,1,393715,首都国际机场T3四层出发层外西,0.12636,0.12636,2.204804
京LJD975,2026-03-11,140,1,393715,首都国际机场T3四层出发层外西,0.12636,0.25272,2.204804
京LJD975,2026-03-11,140,2,395710,北京首都机场T3三层出发区北指廊店,0.322839,0.575559,2.204804
京LJD975,2026-03-11,140,2,395710,北京首都机场T3三层出发区北指廊店,0.322839,0.898398,2.204804
京LJD975,2026-03-11,140,3,393151,首都机场T3二层到达区外,0.281617,1.180015,2.204804
京LJD975,2026-03-11,140,3,393151,首都机场T3二层到达区外,0.281617,1.461632,2.204804
京LJD975,2026-03-11,140,4,393152,首都机场T3三层出发区东指廊,0.14651,1.608142,2.204804
京LJD975,2026-03-11,140,4,393152,首都机场T3三层出发区东指廊,0.14651,1.754652,2.204804
京LJD975,2026-03-11,140,5,393153,首都机场T3三层出发区西指廊,0.05178,1.806432,2.204804
京LJD975,2026-03-11,140,5,393153,首都机场T3三层出发区西指廊,0.05178,1.858212,2.204804
京LJD975,2026-03-11,140,6,393155,首都机场T3四层出发区外东,0.075019,1.933231,2.204804
京LJD975,2026-03-11,140,6,393155,首都机场T3四层出发区外东,0.075019,2.00825,2.204804
京LJD975,2026-03-11,140,7,393156,首都机场T3D出发区,0.098277,2.106527,2.204804
京LJD975,2026-03-11,140,7,393156,首都机场T3D出发区,0.098277,2.204804,2.204804
京LJD975,2026-03-12,140,1,393715,首都国际机场T3四层出发层外西,0.30527,0.30527,3.678986
京LJD975,2026-03-12,140,1,393715,首都国际机场T3四层出发层外西,0.30527,0.61054,3.678986
京LJD975,2026-03-12,140,2,395710,北京首都机场T3三层出发区北指廊店,0.451754,1.062294,3.678986
京LJD975,2026-03-12,140,2,395710,北京首都机场T3三层出发区北指廊店,0.451754,1.514048,3.678986
京LJD975,2026-03-12,140,3,393151,首都机场T3二层到达区外,0.26886,1.782908,3.678986
京LJD975,2026-03-12,140,3,393151,首都机场T3二层到达区外,0.26886,2.051768,3.678986
京LJD975,2026-03-12,140,4,393152,首都机场T3三层出发区东指廊,0.294743,2.346511,3.678986
京LJD975,2026-03-12,140,4,393152,首都机场T3三层出发区东指廊,0.294743,2.641254,3.678986
京LJD975,2026-03-12,140,5,393153,首都机场T3三层出发区西指廊,0.054831,2.696085,3.678986
京LJD975,2026-03-12,140,5,393153,首都机场T3三层出发区西指廊,0.054831,2.750916,3.678986
京LJD975,2026-03-12,140,6,393155,首都机场T3四层出发区外东,0.360965,3.111881,3.678986
京LJD975,2026-03-12,140,6,393155,首都机场T3四层出发区外东,0.360965,3.472846,3.678986
京LJD975,2026-03-12,140,7,393156,首都机场T3D出发区,0.10307,3.575916,3.678986
京LJD975,2026-03-12,140,7,393156,首都机场T3D出发区,0.10307,3.678986,3.678986
京LJD975,2026-03-13,140,1,393715,首都国际机场T3四层出发层外西,0.255746,0.255746,2.577588
京LJD975,2026-03-13,140,1,393715,首都国际机场T3四层出发层外西,0.255746,0.511492,2.577588
京LJD975,2026-03-13,140,2,395710,北京首都机场T3三层出发区北指廊店,0.326335,0.837827,2.577588
京LJD975,2026-03-13,140,2,395710,北京首都机场T3三层出发区北指廊店,0.326335,1.164162,2.577588
京LJD975,2026-03-13,140,3,393151,首都机场T3二层到达区外,0.240376,1.404538,2.577588
京LJD975,2026-03-13,140,3,393151,首都机场T3二层到达区外,0.240376,1.644914,2.577588
京LJD975,2026-03-13,140,4,393152,首都机场T3三层出发区东指廊,0.137745,1.782659,2.577588
京LJD975,2026-03-13,140,4,393152,首都机场T3三层出发区东指廊,0.137745,1.920404,2.577588
京LJD975,2026-03-13,140,5,393153,首都机场T3三层出发区西指廊,0.151335,2.071739,2.577588
京LJD975,2026-03-13,140,5,393153,首都机场T3三层出发区西指廊,0.151335,2.223074,2.577588
京LJD975,2026-03-13,140,6,393155,首都机场T3四层出发区外东,0.060997,2.284071,2.577588
京LJD975,2026-03-13,140,6,393155,首都机场T3四层出发区外东,0.060997,2.345068,2.577588
京LJD975,2026-03-13,140,7,393156,首都机场T3D出发区,0.11626,2.461328,2.577588
京LJD975,2026-03-13,140,7,393156,首都机场T3D出发区,0.11626,2.577588,2.577588
京LJD975,2026-03-16,140,1,393715,首都国际机场T3四层出发层外西,0.38777,0.38777,3.295182
京LJD975,2026-03-16,140,1,393715,首都国际机场T3四层出发层外西,0.38777,0.77554,3.295182
京LJD975,2026-03-16,140,2,395710,北京首都机场T3三层出发区北指廊店,0.36012,1.13566,3.295182
京LJD975,2026-03-16,140,2,395710,北京首都机场T3三层出发区北指廊店,0.36012,1.49578,3.295182
京LJD975,2026-03-16,140,3,393151,首都机场T3二层到达区外,0.237745,1.733525,3.295182
京LJD975,2026-03-16,140,3,393151,首都机场T3二层到达区外,0.237745,1.97127,3.295182
京LJD975,2026-03-16,140,4,393152,首都机场T3三层出发区东指廊,0.18995,2.16122,3.295182
京LJD975,2026-03-16,140,4,393152,首都机场T3三层出发区东指廊,0.18995,2.35117,3.295182
京LJD975,2026-03-16,140,5,393153,首都机场T3三层出发区西指廊,0.224587,2.575757,3.295182
京LJD975,2026-03-16,140,5,393153,首都机场T3三层出发区西指廊,0.224587,2.800344,3.295182
京LJD975,2026-03-16,140,6,393155,首都机场T3四层出发区外东,0.163202,2.963546,3.295182
京LJD975,2026-03-16,140,6,393155,首都机场T3四层出发区外东,0.163202,3.126748,3.295182
京LJD975,2026-03-16,140,7,393156,首都机场T3D出发区,0.084217,3.210965,3.295182
京LJD975,2026-03-16,140,7,393156,首都机场T3D出发区,0.084217,3.295182,3.295182
京LJD975,2026-03-17,140,1,393715,首都国际机场T3四层出发层外西,0.363603,0.363603,3.40881
京LJD975,2026-03-17,140,1,393715,首都国际机场T3四层出发层外西,0.363603,0.727206,3.40881
京LJD975,2026-03-17,140,2,395710,北京首都机场T3三层出发区北指廊店,0.384649,1.111855,3.40881
京LJD975,2026-03-17,140,2,395710,北京首都机场T3三层出发区北指廊店,0.384649,1.496504,3.40881
京LJD975,2026-03-17,140,3,393151,首都机场T3二层到达区外,0.242112,1.738616,3.40881
京LJD975,2026-03-17,140,3,393151,首都机场T3二层到达区外,0.242112,1.980728,3.40881
京LJD975,2026-03-17,140,4,393152,首都机场T3三层出发区东指廊,0.266234,2.246962,3.40881
京LJD975,2026-03-17,140,4,393152,首都机场T3三层出发区东指廊,0.266234,2.513196,3.40881
京LJD975,2026-03-17,140,5,393153,首都机场T3三层出发区西指廊,0.192105,2.705301,3.40881
京LJD975,2026-03-17,140,5,393153,首都机场T3三层出发区西指廊,0.192105,2.897406,3.40881
京LJD975,2026-03-17,140,6,393155,首都机场T3四层出发区外东,0.157895,3.055301,3.40881
京LJD975,2026-03-17,140,6,393155,首都机场T3四层出发区外东,0.157895,3.213196,3.40881
京LJD975,2026-03-17,140,7,393156,首都机场T3D出发区,0.097807,3.311003,3.40881
京LJD975,2026-03-17,140,7,393156,首都机场T3D出发区,0.097807,3.40881,3.40881
京LJD975,2026-03-18,140,1,393715,首都国际机场T3四层出发层外西,0.197852,0.197852,2.530348
京LJD975,2026-03-18,140,1,393715,首都国际机场T3四层出发层外西,0.197852,0.395704,2.530348
京LJD975,2026-03-18,140,2,395710,北京首都机场T3三层出发区北指廊店,0.359255,0.754959,2.530348
京LJD975,2026-03-18,140,2,395710,北京首都机场T3三层出发区北指廊店,0.359255,1.114214,2.530348
京LJD975,2026-03-18,140,3,393151,首都机场T3二层到达区外,0.243911,1.358125,2.530348
京LJD975,2026-03-18,140,3,393151,首都机场T3二层到达区外,0.243911,1.602036,2.530348
京LJD975,2026-03-18,140,4,393152,首都机场T3三层出发区东指廊,0.147845,1.749881,2.530348
京LJD975,2026-03-18,140,4,393152,首都机场T3三层出发区东指廊,0.147845,1.897726,2.530348
京LJD975,2026-03-18,140,5,393153,首都机场T3三层出发区西指廊,0.206611,2.104337,2.530348
京LJD975,2026-03-18,140,5,393153,首都机场T3三层出发区西指廊,0.206611,2.310948,2.530348
京LJD975,2026-03-18,140,6,393155,首都机场T3四层出发区外东,0.027218,2.338166,2.530348
京LJD975,2026-03-18,140,6,393155,首都机场T3四层出发区外东,0.027218,2.365384,2.530348
京LJD975,2026-03-18,140,7,393156,首都机场T3D出发区,0.082482,2.447866,2.530348
京LJD975,2026-03-18,140,7,393156,首都机场T3D出发区,0.082482,2.530348,2.530348
京LJD975,2026-03-19,140,1,393715,首都国际机场T3四层出发层外西,0.337293,0.337293,3.564976
京LJD975,2026-03-19,140,1,393715,首都国际机场T3四层出发层外西,0.337293,0.674586,3.564976
京LJD975,2026-03-19,140,2,395710,北京首都机场T3三层出发区北指廊店,0.403077,1.077663,3.564976
京LJD975,2026-03-19,140,2,395710,北京首都机场T3三层出发区北指廊店,0.403077,1.48074,3.564976
京LJD975,2026-03-19,140,3,393151,首都机场T3二层到达区外,0.247807,1.728547,3.564976
京LJD975,2026-03-19,140,3,393151,首都机场T3二层到达区外,0.247807,1.976354,3.564976
京LJD975,2026-03-19,140,4,393152,首都机场T3三层出发区东指廊,0.23641,2.212764,3.564976
京LJD975,2026-03-19,140,4,393152,首都机场T3三层出发区东指廊,0.23641,2.449174,3.564976
京LJD975,2026-03-19,140,5,393153,首都机场T3三层出发区西指廊,0.294737,2.743911,3.564976
京LJD975,2026-03-19,140,5,393153,首都机场T3三层出发区西指廊,0.294737,3.038648,3.564976
京LJD975,2026-03-19,140,6,393155,首都机场T3四层出发区外东,0.126316,3.164964,3.564976
京LJD975,2026-03-19,140,6,393155,首都机场T3四层出发区外东,0.126316,3.29128,3.564976
京LJD975,2026-03-19,140,7,393156,首都机场T3D出发区,0.136848,3.428128,3.564976
京LJD975,2026-03-19,140,7,393156,首都机场T3D出发区,0.136848,3.564976,3.564976
京LJD975,2026-03-20,140,1,393715,首都国际机场T3四层出发层外西,0.23074,0.23074,2.50755
京LJD975,2026-03-20,140,1,393715,首都国际机场T3四层出发层外西,0.23074,0.46148,2.50755
京LJD975,2026-03-20,140,2,395710,北京首都机场T3三层出发区北指廊店,0.357958,0.819438,2.50755
京LJD975,2026-03-20,140,2,395710,北京首都机场T3三层出发区北指廊店,0.357958,1.177396,2.50755
京LJD975,2026-03-20,140,3,393151,首都机场T3二层到达区外,0.150038,1.327434,2.50755
京LJD975,2026-03-20,140,3,393151,首都机场T3二层到达区外,0.150038,1.477472,2.50755
京LJD975,2026-03-20,140,4,393152,首都机场T3三层出发区东指廊,0.23688,1.714352,2.50755
京LJD975,2026-03-20,140,4,393152,首都机场T3三层出发区东指廊,0.23688,1.951232,2.50755
京LJD975,2026-03-20,140,5,393153,首都机场T3三层出发区西指廊,0.035545,1.986777,2.50755
京LJD975,2026-03-20,140,5,393153,首都机场T3三层出发区西指廊,0.035545,2.022322,2.50755
京LJD975,2026-03-20,140,6,393155,首都机场T3四层出发区外东,0.121523,2.143845,2.50755
京LJD975,2026-03-20,140,6,393155,首都机场T3四层出发区外东,0.121523,2.265368,2.50755
京LJD975,2026-03-20,140,7,393156,首都机场T3D出发区,0.121091,2.386459,2.50755
京LJD975,2026-03-20,140,7,393156,首都机场T3D出发区,0.121091,2.50755,2.50755
京LJD975,2026-03-23,140,1,393715,首都国际机场T3四层出发层外西,0.305308,0.305308,3.256688
京LJD975,2026-03-23,140,1,393715,首都国际机场T3四层出发层外西,0.305308,0.610616,3.256688
京LJD975,2026-03-23,140,2,395710,北京首都机场T3三层出发区北指廊店,0.383378,0.993994,3.256688
京LJD975,2026-03-23,140,2,395710,北京首都机场T3三层出发区北指廊店,0.383378,1.377372,3.256688
京LJD975,2026-03-23,140,3,393151,首都机场T3二层到达区外,0.287325,1.664697,3.256688
京LJD975,2026-03-23,140,3,393151,首都机场T3二层到达区外,0.287325,1.952022,3.256688
京LJD975,2026-03-23,140,4,393152,首都机场T3三层出发区东指廊,0.217131,2.169153,3.256688
京LJD975,2026-03-23,140,4,393152,首都机场T3三层出发区东指廊,0.217131,2.386284,3.256688
京LJD975,2026-03-23,140,5,393153,首都机场T3三层出发区西指廊,0.165828,2.552112,3.256688
京LJD975,2026-03-23,140,5,393153,首都机场T3三层出发区西指廊,0.165828,2.71794,3.256688
京LJD975,2026-03-23,140,6,393155,首都机场T3四层出发区外东,0.157939,2.875879,3.256688
京LJD975,2026-03-23,140,6,393155,首都机场T3四层出发区外东,0.157939,3.033818,3.256688
京LJD975,2026-03-23,140,7,393156,首都机场T3D出发区,0.111435,3.145253,3.256688
京LJD975,2026-03-23,140,7,393156,首都机场T3D出发区,0.111435,3.256688,3.256688
京LJD975,2026-03-24,140,1,393715,首都国际机场T3四层出发层外西,0.254392,0.254392,2.919322
京LJD975,2026-03-24,140,1,393715,首都国际机场T3四层出发层外西,0.254392,0.508784,2.919322
京LJD975,2026-03-24,140,2,395710,北京首都机场T3三层出发区北指廊店,0.435526,0.94431,2.919322
京LJD975,2026-03-24,140,2,395710,北京首都机场T3三层出发区北指廊店,0.435526,1.379836,2.919322
京LJD975,2026-03-24,140,3,393151,首都机场T3二层到达区外,0.217989,1.597825,2.919322
京LJD975,2026-03-24,140,3,393151,首都机场T3二层到达区外,0.217989,1.815814,2.919322
京LJD975,2026-03-24,140,4,393152,首都机场T3三层出发区东指廊,0.073684,1.889498,2.919322
京LJD975,2026-03-24,140,4,393152,首都机场T3三层出发区东指廊,0.073684,1.963182,2.919322
京LJD975,2026-03-24,140,5,393153,首都机场T3三层出发区西指廊,0.182456,2.145638,2.919322
京LJD975,2026-03-24,140,5,393153,首都机场T3三层出发区西指廊,0.182456,2.328094,2.919322
京LJD975,2026-03-24,140,6,393155,首都机场T3四层出发区外东,0.174123,2.502217,2.919322
京LJD975,2026-03-24,140,6,393155,首都机场T3四层出发区外东,0.174123,2.67634,2.919322
京LJD975,2026-03-24,140,7,393156,首都机场T3D出发区,0.121491,2.797831,2.919322
京LJD975,2026-03-24,140,7,393156,首都机场T3D出发区,0.121491,2.919322,2.919322
京LJD975,2026-03-25,140,1,393715,首都国际机场T3四层出发层外西,0.275064,0.275064,3.574386
京LJD975,2026-03-25,140,1,393715,首都国际机场T3四层出发层外西,0.275064,0.550128,3.574386
京LJD975,2026-03-25,140,2,395710,北京首都机场T3三层出发区北指廊店,0.434268,0.984396,3.574386
京LJD975,2026-03-25,140,2,395710,北京首都机场T3三层出发区北指廊店,0.434268,1.418664,3.574386
京LJD975,2026-03-25,140,3,393151,首都机场T3二层到达区外,0.232952,1.651616,3.574386
京LJD975,2026-03-25,140,3,393151,首都机场T3二层到达区外,0.232952,1.884568,3.574386
京LJD975,2026-03-25,140,4,393152,首都机场T3三层出发区东指廊,0.306217,2.190785,3.574386
京LJD975,2026-03-25,140,4,393152,首都机场T3三层出发区东指廊,0.306217,2.497002,3.574386
京LJD975,2026-03-25,140,5,393153,首都机场T3三层出发区西指廊,0.310564,2.807566,3.574386
京LJD975,2026-03-25,140,5,393153,首都机场T3三层出发区西指廊,0.310564,3.11813,3.574386
京LJD975,2026-03-25,140,6,393155,首都机场T3四层出发区外东,0.097839,3.215969,3.574386
京LJD975,2026-03-25,140,6,393155,首都机场T3四层出发区外东,0.097839,3.313808,3.574386
京LJD975,2026-03-25,140,7,393156,首都机场T3D出发区,0.130289,3.444097,3.574386
京LJD975,2026-03-25,140,7,393156,首都机场T3D出发区,0.130289,3.574386,3.574386
京LJD975,2026-03-28,140,1,393715,首都国际机场T3四层出发层外西,0.364919,0.364919,3.758824
京LJD975,2026-03-28,140,1,393715,首都国际机场T3四层出发层外西,0.364919,0.729838,3.758824
京LJD975,2026-03-28,140,2,395710,北京首都机场T3三层出发区北指廊店,0.358333,1.088171,3.758824
京LJD975,2026-03-28,140,2,395710,北京首都机场T3三层出发区北指廊店,0.358333,1.446504,3.758824
京LJD975,2026-03-28,140,3,393151,首都机场T3二层到达区外,0.265796,1.7123,3.758824
京LJD975,2026-03-28,140,3,393151,首都机场T3二层到达区外,0.265796,1.978096,3.758824
京LJD975,2026-03-28,140,4,393152,首都机场T3三层出发区东指廊,0.30527,2.283366,3.758824
京LJD975,2026-03-28,140,4,393152,首都机场T3三层出发区东指廊,0.30527,2.588636,3.758824
京LJD975,2026-03-28,140,5,393153,首都机场T3三层出发区西指廊,0.213596,2.802232,3.758824
京LJD975,2026-03-28,140,5,393153,首都机场T3三层出发区西指廊,0.213596,3.015828,3.758824
京LJD975,2026-03-28,140,6,393154,首都机场T3三层出发区北指廊,0.0,3.015828,3.758824
京LJD975,2026-03-28,140,6,393154,首都机场T3三层出发区北指廊,0.0,3.015828,3.758824
京LJD975,2026-03-28,140,7,393155,首都机场T3四层出发区外东,0.260533,3.276361,3.758824
京LJD975,2026-03-28,140,7,393155,首都机场T3四层出发区外东,0.260533,3.536894,3.758824
京LJD975,2026-03-28,140,8,393156,首都机场T3D出发区,0.110965,3.647859,3.758824
京LJD975,2026-03-28,140,8,393156,首都机场T3D出发区,0.110965,3.758824,3.758824
京LJD975,2026-03-30,140,1,393715,首都国际机场T3四层出发层外西,0.243033,0.243033,3.906014
京LJD975,2026-03-30,140,1,393715,首都国际机场T3四层出发层外西,0.243033,0.486066,3.906014
京LJD975,2026-03-30,140,2,395710,北京首都机场T3三层出发区北指廊店,0.393466,0.879532,3.906014
京LJD975,2026-03-30,140,2,395710,北京首都机场T3三层出发区北指廊店,0.393466,1.272998,3.906014
京LJD975,2026-03-30,140,3,393151,首都机场T3二层到达区外,0.374625,1.647623,3.906014
京LJD975,2026-03-30,140,3,393151,首都机场T3二层到达区外,0.374625,2.022248,3.906014
京LJD975,2026-03-30,140,4,393152,首都机场T3三层出发区东指廊,0.327695,2.349943,3.906014
京LJD975,2026-03-30,140,4,393152,首都机场T3三层出发区东指廊,0.327695,2.677638,3.906014
京LJD975,2026-03-30,140,5,393153,首都机场T3三层出发区西指廊,0.296116,2.973754,3.906014
京LJD975,2026-03-30,140,5,393153,首都机场T3三层出发区西指廊,0.296116,3.26987,3.906014
京LJD975,2026-03-30,140,6,393155,首都机场T3四层出发区外东,0.195214,3.465084,3.906014
京LJD975,2026-03-30,140,6,393155,首都机场T3四层出发区外东,0.195214,3.660298,3.906014
京LJD975,2026-03-30,140,7,393156,首都机场T3D出发区,0.122858,3.783156,3.906014
京LJD975,2026-03-30,140,7,393156,首都机场T3D出发区,0.122858,3.906014,3.906014
京LJD975,2026-03-31,140,1,393715,首都国际机场T3四层出发层外西,0.02193,0.02193,2.228972
京LJD975,2026-03-31,140,1,393715,首都国际机场T3四层出发层外西,0.02193,0.04386,2.228972
京LJD975,2026-03-31,140,2,395710,北京首都机场T3三层出发区北指廊店,0.354386,0.398246,2.228972
京LJD975,2026-03-31,140,2,395710,北京首都机场T3三层出发区北指廊店,0.354386,0.752632,2.228972
京LJD975,2026-03-31,140,3,393151,首都机场T3二层到达区外,0.231585,0.984217,2.228972
京LJD975,2026-03-31,140,3,393151,首都机场T3二层到达区外,0.231585,1.215802,2.228972
京LJD975,2026-03-31,140,4,393152,首都机场T3三层出发区东指廊,0.287287,1.503089,2.228972
京LJD975,2026-03-31,140,4,393152,首都机场T3三层出发区东指廊,0.287287,1.790376,2.228972
京LJD975,2026-03-31,140,5,393153,首都机场T3三层出发区西指廊,0.110526,1.900902,2.228972
京LJD975,2026-03-31,140,5,393153,首都机场T3三层出发区西指廊,0.110526,2.011428,2.228972
京LJD975,2026-03-31,140,6,393155,首都机场T3四层出发区外东,0.008333,2.019761,2.228972
京LJD975,2026-03-31,140,6,393155,首都机场T3四层出发区外东,0.008333,2.028094,2.228972
京LJD975,2026-03-31,140,7,393156,首都机场T3D出发区,0.100439,2.128533,2.228972
京LJD975,2026-03-31,140,7,393156,首都机场T3D出发区,0.100439,2.228972,2.228972
京LJD975,2026-04-01,140,1,393715,首都国际机场T3四层出发层外西,0.173303,0.173303,3.423408
京LJD975,2026-04-01,140,1,393715,首都国际机场T3四层出发层外西,0.173303,0.346606,3.423408
京LJD975,2026-04-01,140,2,395710,北京首都机场T3三层出发区北指廊店,0.461016,0.807622,3.423408
京LJD975,2026-04-01,140,2,395710,北京首都机场T3三层出发区北指廊店,0.461016,1.268638,3.423408
京LJD975,2026-04-01,140,3,393151,首都机场T3二层到达区外,0.312332,1.58097,3.423408
京LJD975,2026-04-01,140,3,393151,首都机场T3二层到达区外,0.312332,1.893302,3.423408
京LJD975,2026-04-01,140,4,393152,首都机场T3三层出发区东指廊,0.225496,2.118798,3.423408
京LJD975,2026-04-01,140,4,393152,首都机场T3三层出发区东指廊,0.225496,2.344294,3.423408
京LJD975,2026-04-01,140,5,393153,首都机场T3三层出发区西指廊,0.282482,2.626776,3.423408
京LJD975,2026-04-01,140,5,393153,首都机场T3三层出发区西指廊,0.282482,2.909258,3.423408
京LJD975,2026-04-01,140,6,393155,首都机场T3四层出发区外东,0.116692,3.02595,3.423408
京LJD975,2026-04-01,140,6,393155,首都机场T3四层出发区外东,0.116692,3.142642,3.423408
京LJD975,2026-04-01,140,7,393156,首都机场T3D出发区,0.140383,3.283025,3.423408
京LJD975,2026-04-01,140,7,393156,首都机场T3D出发区,0.140383,3.423408,3.423408
京LJD975,2026-04-02,140,1,393715,首都国际机场T3四层出发层外西,0.453947,0.453947,4.180776
京LJD975,2026-04-02,140,1,393715,首都国际机场T3四层出发层外西,0.453947,0.907894,4.180776
京LJD975,2026-04-02,140,2,395710,北京首都机场T3三层出发区北指廊店,0.478077,1.385971,4.180776
京LJD975,2026-04-02,140,2,395710,北京首都机场T3三层出发区北指廊店,0.478077,1.864048,4.180776
京LJD975,2026-04-02,140,3,393151,首都机场T3二层到达区外,0.342989,2.207037,4.180776
京LJD975,2026-04-02,140,3,393151,首都机场T3二层到达区外,0.342989,2.550026,4.180776
京LJD975,2026-04-02,140,4,393152,首都机场T3三层出发区东指廊,0.377199,2.927225,4.180776
京LJD975,2026-04-02,140,4,393152,首都机场T3三层出发区东指廊,0.377199,3.304424,4.180776
京LJD975,2026-04-02,140,5,393153,首都机场T3三层出发区西指廊,0.034655,3.339079,4.180776
京LJD975,2026-04-02,140,5,393153,首都机场T3三层出发区西指廊,0.034655,3.373734,4.180776
京LJD975,2026-04-02,140,6,393155,首都机场T3四层出发区外东,0.24562,3.619354,4.180776
京LJD975,2026-04-02,140,6,393155,首都机场T3四层出发区外东,0.24562,3.864974,4.180776
京LJD975,2026-04-02,140,7,393156,首都机场T3D出发区,0.157901,4.022875,4.180776
京LJD975,2026-04-02,140,7,393156,首都机场T3D出发区,0.157901,4.180776,4.180776
京LJD975,2026-04-04,140,1,393715,首都国际机场T3四层出发层外西,0.404825,0.404825,2.032496
京LJD975,2026-04-04,140,1,393715,首都国际机场T3四层出发层外西,0.404825,0.80965,2.032496
京LJD975,2026-04-04,140,2,395710,北京首都机场T3三层出发区北指廊店,0.087287,0.896937,2.032496
京LJD975,2026-04-04,140,2,395710,北京首都机场T3三层出发区北指廊店,0.087287,0.984224,2.032496
京LJD975,2026-04-04,140,3,393151,首都机场T3二层到达区外,0.265796,1.25002,2.032496
京LJD975,2026-04-04,140,3,393151,首都机场T3二层到达区外,0.265796,1.515816,2.032496
京LJD975,2026-04-04,140,4,393152,首都机场T3三层出发区东指廊,0.008333,1.524149,2.032496
京LJD975,2026-04-04,140,4,393152,首都机场T3三层出发区东指廊,0.008333,1.532482,2.032496
京LJD975,2026-04-04,140,5,393153,首都机场T3三层出发区西指廊,0.021053,1.553535,2.032496
京LJD975,2026-04-04,140,5,393153,首都机场T3三层出发区西指廊,0.021053,1.574588,2.032496
京LJD975,2026-04-04,140,6,393154,首都机场T3三层出发区北指廊,0.0,1.574588,2.032496
京LJD975,2026-04-04,140,6,393154,首都机场T3三层出发区北指廊,0.0,1.574588,2.032496
京LJD975,2026-04-04,140,7,393155,首都机场T3四层出发区外东,0.128954,1.703542,2.032496
京LJD975,2026-04-04,140,7,393155,首都机场T3四层出发区外东,0.128954,1.832496,2.032496
京LJD975,2026-04-04,140,8,393156,首都机场T3D出发区,0.1,1.932496,2.032496
京LJD975,2026-04-04,140,8,393156,首都机场T3D出发区,0.1,2.032496,2.032496
京LJD975,2026-04-06,140,1,393715,首都国际机场T3四层出发层外西,0.318497,0.318497,3.20844
京LJD975,2026-04-06,140,1,393715,首都国际机场T3四层出发层外西,0.318497,0.636994,3.20844
京LJD975,2026-04-06,140,2,395710,北京首都机场T3三层出发区北指廊店,0.459249,1.096243,3.20844
京LJD975,2026-04-06,140,2,395710,北京首都机场T3三层出发区北指廊店,0.459249,1.555492,3.20844
京LJD975,2026-04-06,140,3,393151,首都机场T3二层到达区外,0.344781,1.900273,3.20844
京LJD975,2026-04-06,140,3,393151,首都机场T3二层到达区外,0.344781,2.245054,3.20844
京LJD975,2026-04-06,140,4,393152,首都机场T3三层出发区东指廊,0.121523,2.366577,3.20844
京LJD975,2026-04-06,140,4,393152,首都机场T3三层出发区东指廊,0.121523,2.4881,3.20844
京LJD975,2026-04-06,140,5,393153,首都机场T3三层出发区西指廊,0.121955,2.610055,3.20844
京LJD975,2026-04-06,140,5,393153,首都机场T3三层出发区西指廊,0.121955,2.73201,3.20844
京LJD975,2026-04-06,140,6,393154,首都机场T3三层出发区北指廊,0.0,2.73201,3.20844
京LJD975,2026-04-06,140,6,393154,首都机场T3三层出发区北指廊,0.0,2.73201,3.20844
京LJD975,2026-04-06,140,7,393155,首都机场T3四层出发区外东,0.147839,2.879849,3.20844
京LJD975,2026-04-06,140,7,393155,首都机场T3四层出发区外东,0.147839,3.027688,3.20844
京LJD975,2026-04-06,140,8,393156,首都机场T3D出发区,0.090376,3.118064,3.20844
京LJD975,2026-04-06,140,8,393156,首都机场T3D出发区,0.090376,3.20844,3.20844
京LJD975,2026-04-07,140,1,393715,首都国际机场T3四层出发层外西,0.155708,0.155708,3.066756
京LJD975,2026-04-07,140,1,393715,首都国际机场T3四层出发层外西,0.155708,0.311416,3.066756
京LJD975,2026-04-07,140,2,395710,北京首都机场T3三层出发区北指廊店,0.539048,0.850464,3.066756
京LJD975,2026-04-07,140,2,395710,北京首都机场T3三层出发区北指廊店,0.539048,1.389512,3.066756
京LJD975,2026-04-07,140,3,393151,首都机场T3二层到达区外,0.307469,1.696981,3.066756
京LJD975,2026-04-07,140,3,393151,首都机场T3二层到达区外,0.307469,2.00445,3.066756
京LJD975,2026-04-07,140,4,393152,首都机场T3三层出发区东指廊,0.107895,2.112345,3.066756
京LJD975,2026-04-07,140,4,393152,首都机场T3三层出发区东指廊,0.107895,2.22024,3.066756
京LJD975,2026-04-07,140,5,393153,首都机场T3三层出发区西指廊,0.171053,2.391293,3.066756
京LJD975,2026-04-07,140,5,393153,首都机场T3三层出发区西指廊,0.171053,2.562346,3.066756
京LJD975,2026-04-07,140,6,393155,首都机场T3四层出发区外东,0.17062,2.732966,3.066756
京LJD975,2026-04-07,140,6,393155,首都机场T3四层出发区外东,0.17062,2.903586,3.066756
京LJD975,2026-04-07,140,7,393156,首都机场T3D出发区,0.081585,2.985171,3.066756
京LJD975,2026-04-07,140,7,393156,首都机场T3D出发区,0.081585,3.066756,3.066756
京LJD975,2026-04-08,140,1,393715,首都国际机场T3四层出发层外西,0.243466,0.243466,3.041674
京LJD975,2026-04-08,140,1,393715,首都国际机场T3四层出发层外西,0.243466,0.486932,3.041674
京LJD975,2026-04-08,140,2,395710,北京首都机场T3三层出发区北指廊店,0.466285,0.953217,3.041674
京LJD975,2026-04-08,140,2,395710,北京首都机场T3三层出发区北指廊店,0.466285,1.419502,3.041674
京LJD975,2026-04-08,140,3,393151,首都机场T3二层到达区外,0.234681,1.654183,3.041674
京LJD975,2026-04-08,140,3,393151,首都机场T3二层到达区外,0.234681,1.888864,3.041674
京LJD975,2026-04-08,140,4,393152,首都机场T3三层出发区东指廊,0.114493,2.003357,3.041674
京LJD975,2026-04-08,140,4,393152,首都机场T3三层出发区东指廊,0.114493,2.11785,3.041674
京LJD975,2026-04-08,140,5,393153,首都机场T3三层出发区西指廊,0.132049,2.249899,3.041674
京LJD975,2026-04-08,140,5,393153,首都机场T3三层出发区西指廊,0.132049,2.381948,3.041674
京LJD975,2026-04-08,140,6,393155,首都机场T3四层出发区外东,0.253973,2.635921,3.041674
京LJD975,2026-04-08,140,6,393155,首都机场T3四层出发区外东,0.253973,2.889894,3.041674
京LJD975,2026-04-08,140,7,393156,首都机场T3D出发区,0.07589,2.965784,3.041674
京LJD975,2026-04-08,140,7,393156,首都机场T3D出发区,0.07589,3.041674,3.041674
京LNJ896,2026-04-06,102,1,393016,奥林匹克公园,0.235132,0.235132,2.068738
京LNJ896,2026-04-06,102,1,393016,奥林匹克公园,0.235132,0.470264,2.068738
京LNJ896,2026-04-06,102,2,393557,北京鸿懋商务大厦店,0.070627,0.540891,2.068738
京LNJ896,2026-04-06,102,2,393557,北京鸿懋商务大厦店,0.070627,0.611518,2.068738
京LNJ896,2026-04-06,102,3,393720,北京昌平新新公寓店,0.208352,0.81987,2.068738
京LNJ896,2026-04-06,102,3,393720,北京昌平新新公寓店,0.208352,1.028222,2.068738
京LNJ896,2026-04-06,102,4,399722,北京祥云小镇店,0.15485,1.183072,2.068738
京LNJ896,2026-04-06,102,4,399722,北京祥云小镇店,0.15485,1.337922,2.068738
京LNJ896,2026-04-06,102,5,394485,永泰生活服务中心店,0.163609,1.501531,2.068738
京LNJ896,2026-04-06,102,5,394485,永泰生活服务中心店,0.163609,1.66514,2.068738
京LNJ896,2026-04-06,102,6,398090,超市发天通苑西区,0.108346,1.773486,2.068738
京LNJ896,2026-04-06,102,6,398090,超市发天通苑西区,0.108346,1.881832,2.068738
京LNJ896,2026-04-06,102,7,394510,东升科技园店,0.093453,1.975285,2.068738
京LNJ896,2026-04-06,102,7,394510,东升科技园店,0.093453,2.068738,2.068738
京MHE650,2026-03-23,101,1,394234,超市发罗森北清路店,0.218002,0.218002,2.314354
京MHE650,2026-03-23,101,1,394234,超市发罗森北清路店,0.218002,0.436004,2.314354
京MHE650,2026-03-23,101,2,394512,超市发罗森北清路二店,0.222845,0.658849,2.314354
京MHE650,2026-03-23,101,2,394512,超市发罗森北清路二店,0.222845,0.881694,2.314354
京MHE650,2026-03-23,101,3,394560,超市发罗森北安河二店,0.18203,1.063724,2.314354
京MHE650,2026-03-23,101,3,394560,超市发罗森北安河二店,0.18203,1.245754,2.314354
京MHE650,2026-03-23,101,4,394258,超市发罗森北安河店,0.272845,1.518599,2.314354
京MHE650,2026-03-23,101,4,394258,超市发罗森北安河店,0.272845,1.791444,2.314354
京MHE650,2026-03-23,101,5,394070,木荷路华为园区,0.149587,1.941031,2.314354
京MHE650,2026-03-23,101,5,394070,木荷路华为园区,0.149587,2.090618,2.314354
京MHE650,2026-03-23,101,6,394488,超市发罗森太舟坞店,0.111868,2.202486,2.314354
京MHE650,2026-03-23,101,6,394488,超市发罗森太舟坞店,0.111868,2.314354,2.314354
京MHE650,2026-03-30,101,1,394038,联想新园区,0.193021,0.193021,2.181006
京MHE650,2026-03-30,101,1,394038,联想新园区,0.193021,0.386042,2.181006
京MHE650,2026-03-30,101,2,394234,超市发罗森北清路店,0.168008,0.55405,2.181006
京MHE650,2026-03-30,101,2,394234,超市发罗森北清路店,0.168008,0.722058,2.181006
京MHE650,2026-03-30,101,3,394512,超市发罗森北清路二店,0.120633,0.842691,2.181006
京MHE650,2026-03-30,101,3,394512,超市发罗森北清路二店,0.120633,0.963324,2.181006
京MHE650,2026-03-30,101,4,394560,超市发罗森北安河二店,0.186848,1.150172,2.181006
京MHE650,2026-03-30,101,4,394560,超市发罗森北安河二店,0.186848,1.33702,2.181006
京MHE650,2026-03-30,101,5,394258,超市发罗森北安河店,0.220207,1.557227,2.181006
京MHE650,2026-03-30,101,5,394258,超市发罗森北安河店,0.220207,1.777434,2.181006
京MHE650,2026-03-30,101,6,394488,超市发罗森太舟坞店,0.201786,1.97922,2.181006
京MHE650,2026-03-30,101,6,394488,超市发罗森太舟坞店,0.201786,2.181006,2.181006
京MHE650,2026-04-01,101,1,394038,联想新园区,0.21408,0.21408,2.034608
京MHE650,2026-04-01,101,1,394038,联想新园区,0.21408,0.42816,2.034608
京MHE650,2026-04-01,101,2,394234,超市发罗森北清路店,0.132927,0.561087,2.034608
京MHE650,2026-04-01,101,2,394234,超市发罗森北清路店,0.132927,0.694014,2.034608
京MHE650,2026-04-01,101,3,394512,超市发罗森北清路二店,0.086423,0.780437,2.034608
京MHE650,2026-04-01,101,3,394512,超市发罗森北清路二店,0.086423,0.86686,2.034608
京MHE650,2026-04-01,101,4,394560,超市发罗森北安河二店,0.176348,1.043208,2.034608
京MHE650,2026-04-01,101,4,394560,超市发罗森北安河二店,0.176348,1.219556,2.034608
京MHE650,2026-04-01,101,5,394258,超市发罗森北安河店,0.324606,1.544162,2.034608
京MHE650,2026-04-01,101,5,394258,超市发罗森北安河店,0.324606,1.868768,2.034608
京MHE650,2026-04-01,101,6,394488,超市发罗森太舟坞店,0.08292,1.951688,2.034608
京MHE650,2026-04-01,101,6,394488,超市发罗森太舟坞店,0.08292,2.034608,2.034608
京N0NS61,2026-04-07,113,1,393651,北京平安国际金融中心店,0.096943,0.096943,2.207144
京N0NS61,2026-04-07,113,1,393651,北京平安国际金融中心店,0.096943,0.193886,2.207144
京N0NS61,2026-04-07,113,2,393010,双井首城国际,0.255276,0.449162,2.207144
京N0NS61,2026-04-07,113,2,393010,双井首城国际,0.255276,0.704438,2.207144
京N0NS61,2026-04-07,113,3,393034,劲松海文大厦,0.079392,0.78383,2.207144
京N0NS61,2026-04-07,113,3,393034,劲松海文大厦,0.079392,0.863222,2.207144
京N0NS61,2026-04-07,113,4,391030,庄胜店,0.136848,1.00007,2.207144
京N0NS61,2026-04-07,113,4,391030,庄胜店,0.136848,1.136918,2.207144
京N0NS61,2026-04-07,113,5,391094,紫金印象,0.083785,1.220703,2.207144
京N0NS61,2026-04-07,113,5,391094,紫金印象,0.083785,1.304488,2.207144
京N0NS61,2026-04-07,113,6,392144,前门大街,0.221936,1.526424,2.207144
京N0NS61,2026-04-07,113,6,392144,前门大街,0.221936,1.74836,2.207144
京N0NS61,2026-04-07,113,7,395274,蒲黄榆地铁站店,0.229392,1.977752,2.207144
京N0NS61,2026-04-07,113,7,395274,蒲黄榆地铁站店,0.229392,2.207144,2.207144
京N7JA13,2026-03-30,107,1,394620,北京快手元中心店,0.399638,0.399638,2.17764
京N7JA13,2026-03-30,107,1,394620,北京快手元中心店,0.399638,0.799276,2.17764
京N7JA13,2026-03-30,107,2,394123,联想北研园楼大厦,0.072826,0.872102,2.17764
京N7JA13,2026-03-30,107,2,394123,联想北研园楼大厦,0.072826,0.944928,2.17764
京N7JA13,2026-03-30,107,3,394122,联想三标大厦,0.062732,1.00766,2.17764
京N7JA13,2026-03-30,107,3,394122,联想三标大厦,0.062732,1.070392,2.17764
京N7JA13,2026-03-30,107,4,394089,超市发上地,0.114512,1.184904,2.17764
京N7JA13,2026-03-30,107,4,394089,超市发上地,0.114512,1.299416,2.17764
京N7JA13,2026-03-30,107,5,394437,超市发罗森清河店,0.173265,1.472681,2.17764
京N7JA13,2026-03-30,107,5,394437,超市发罗森清河店,0.173265,1.645946,2.17764
京N7JA13,2026-03-30,107,6,394451,清华科技园店,0.265847,1.911793,2.17764
京N7JA13,2026-03-30,107,6,394451,清华科技园店,0.265847,2.17764,2.17764
